{
  "1" : {
    "oauth_consumer_key" : "UDA0b0ZogUZzk2PAFlBKcaPqB",
    "consumerSecret" : "6KUdtbCjjhd1tTzo97dZhxTYmsUPloYbbkLInE2B0Xxnaiys0b",
    "oauth_token" : "2922199336-aPKUBmP1kPlIN60WQJkZTh33E9nksBqau19bOVn",
    "tokenSecret" : "3tB5YMTbi6glEzpLYuJBjd796kiDYpJuhsOPRF7b3e6ys"
  },
  "2" : {
    "oauth_consumer_key" : "Q7dpqvSb9LEzzbu5rbrpWnhKD",
    "consumerSecret" : "8c2j3xg6PTkwo50NcIwYBS91yMBVw5gXEHZ1ypDSOONiMMF2YQ",
    "oauth_token" : "2922199336-osa7yGDi4vqWf5ozWSAn0Qlr8n0RwrxPQmLNUU5",
    "tokenSecret" : "qQeXL97WgCuQw3GqFuAqGTqbsuNK6dMQNxGo498griyTA"
  },
  "3" : {
    "oauth_consumer_key" : "8tk5C0IUcNsCvwJdtkCXyaAc0",
    "consumerSecret" : "FUGRdnxOdP5p1fPRxb5mRwTAYlz90Mc0taiwcmzaTofrZZ2vAu",
    "oauth_token" : "2922199336-sdJEfK1Iq6ftrdAMxczfaiXRHaRMg12I9zQIUdy",
    "tokenSecret" : "6ehd6lFyPMKajiHR6lwX6UbSu8kg1CEO9EFHcUahltqCE"
  }
}
